project,is_a_fork,has_issues,contributors,commits,stars,forks,top-contributor,to_select
https://github.com/zhuowei/RaspberryJuice,FALSE,TRUE,5,104,131,65,https://api.github.com/users/martinohanlon,TRUE
https://github.com/Zhaoyi-Yan/Shift-Net_pytorch,FALSE,TRUE,5,112,91,23,https://api.github.com/users/Zhaoyi-Yan,TRUE
https://github.com/zalandoresearch/flair,FALSE,TRUE,29,1009,5064,393,https://api.github.com/users/alanakbik,TRUE
https://github.com/yxgeee/pytorch-FPN,FALSE,TRUE,17,300,15,8,https://api.github.com/users/endernewton,TRUE
https://github.com/YosefLab/scVI,FALSE,TRUE,12,409,180,53,https://api.github.com/users/Edouard360,TRUE
https://github.com/yoavweiss/Blink,FALSE,TRUE,19,742,57,21,https://api.github.com/users/wangxianzhu,TRUE
https://github.com/wrye-bash/wrye-bash,FALSE,TRUE,20,4325,189,50,https://api.github.com/users/Utumno,TRUE
https://github.com/wiseodd/generative-models,FALSE,TRUE,6,111,4626,1514,https://api.github.com/users/wiseodd,TRUE
https://github.com/weolar/miniblink49,FALSE,TRUE,6,1600,2359,375,https://api.github.com/users/weolar,TRUE
https://github.com/waveform80/picamera,FALSE,TRUE,20,924,983,237,https://api.github.com/users/waveform80,TRUE
https://github.com/wandb/client,FALSE,TRUE,12,1710,29,4,https://api.github.com/users/vanpelt,TRUE
https://github.com/vortex-exoplanet/VIP,FALSE,TRUE,10,936,33,22,https://api.github.com/users/carlgogo,TRUE
https://github.com/vlimant/mpi_learn,FALSE,TRUE,8,369,32,13,https://api.github.com/users/vlimant,TRUE
https://github.com/viking-sudo-rm/StackNN,FALSE,TRUE,7,381,135,16,https://api.github.com/users/viking-sudo-rm,TRUE
https://github.com/victoresque/pytorch-template,FALSE,TRUE,6,135,818,159,https://api.github.com/users/SunQpark,TRUE
https://github.com/VAPus/PyOT-Legacy,FALSE,TRUE,6,732,10,2,https://api.github.com/users/stian-,TRUE
https://github.com/ValveSoftware/steamlink-sdk,FALSE,TRUE,21,228,99,34,https://api.github.com/users/slouken,TRUE
https://github.com/uclmr/jack,FALSE,TRUE,19,1683,169,37,https://api.github.com/users/dirkweissenborn,TRUE
https://github.com/ubc/compair,FALSE,TRUE,11,1744,13,6,https://api.github.com/users/andrew-gardener,TRUE
https://github.com/twisted/imaginary,FALSE,TRUE,9,332,27,11,https://api.github.com/users/glyph,TRUE
https://github.com/trevorlinton/webkit.js,FALSE,TRUE,7,205,1776,82,https://api.github.com/users/trevorlinton,TRUE
https://github.com/tpys/face-recognition-caffe2,FALSE,TRUE,152,2112,39,11,https://api.github.com/users/Yangqing,TRUE
https://github.com/ToontownInfinite/src,FALSE,TRUE,14,1841,21,96,https://api.github.com/users/xPythonic,TRUE
https://github.com/Tiramisu-Compiler/tiramisu,FALSE,TRUE,14,2301,85,14,https://api.github.com/users/rbaghdadi,TRUE
https://github.com/TheHedgeify/DagstuhlGAN,FALSE,TRUE,6,179,59,21,https://api.github.com/users/TheHedgeify,TRUE
https://github.com/textpipe/textpipe,FALSE,TRUE,11,177,54,3,https://api.github.com/users/anneschuth,TRUE
https://github.com/tensorpack/tensorpack,FALSE,TRUE,39,2558,3684,1133,https://api.github.com/users/ppwwyyxx,TRUE
https://github.com/tensorly/tensorly,FALSE,TRUE,19,333,653,127,https://api.github.com/users/JeanKossaifi,TRUE
https://github.com/tensorlayer/tensorlayer,FALSE,TRUE,68,1901,4735,1099,https://api.github.com/users/zsdonghao,TRUE
https://github.com/Tencent/FeatherCNN,FALSE,TRUE,11,328,831,215,https://api.github.com/users/turbo0628,TRUE
https://github.com/taolei87/sru,FALSE,TRUE,12,155,1579,241,https://api.github.com/users/taolei87,TRUE
https://github.com/TalkToTheGAN/REGAN,FALSE,TRUE,5,176,27,2,https://api.github.com/users/Ravoxsg,TRUE
https://github.com/SurrealAI/surreal,FALSE,TRUE,10,1403,204,31,https://api.github.com/users/jirenz,TRUE
https://github.com/suragnair/alpha-zero-general,FALSE,TRUE,16,169,1158,301,https://api.github.com/users/suragnair,TRUE
https://github.com/SuperTux/flexlay,FALSE,TRUE,6,1261,10,2,https://api.github.com/users/Grumbel,TRUE
https://github.com/steemit/steem-python,FALSE,TRUE,22,347,161,99,https://api.github.com/users/Netherdrake,TRUE
https://github.com/StanfordVL/GibsonEnv,FALSE,TRUE,6,1147,406,62,https://api.github.com/users/fxia22,TRUE
https://github.com/StanfordSNR/puffer,FALSE,TRUE,7,1449,160,22,https://api.github.com/users/francisyyan,TRUE
https://github.com/stanfordnlp/cocoa,FALSE,TRUE,5,1929,97,41,https://api.github.com/users/hhexiy,TRUE
https://github.com/SPFlow/SPFlow,FALSE,TRUE,12,438,57,19,https://api.github.com/users/alejandromolinaml,TRUE
https://github.com/sonyxperiadev/WebGL,FALSE,TRUE,26,1393,111,24,https://api.github.com/users/drWulf,TRUE
https://github.com/SmartDataAnalytics/horus-ner,FALSE,TRUE,8,211,40,4,https://api.github.com/users/diegoesteves,TRUE
https://github.com/slundberg/shap,FALSE,TRUE,36,651,3790,460,https://api.github.com/users/slundberg,TRUE
https://github.com/sklearn-theano/sklearn-theano,FALSE,TRUE,7,134,365,93,https://api.github.com/users/kastnerkyle,TRUE
https://github.com/selwin/python-user-agents,FALSE,TRUE,15,116,850,147,https://api.github.com/users/selwin,TRUE
https://github.com/SeanNaren/deepspeech.pytorch,FALSE,TRUE,23,351,826,272,https://api.github.com/users/SeanNaren,TRUE
https://github.com/sdn-ixp/iSDX,FALSE,TRUE,10,534,37,17,https://api.github.com/users/rporter1,TRUE
https://github.com/saikrishna-1996/deep_pepper_chess,FALSE,TRUE,5,402,11,2,https://api.github.com/users/saikrishna-1996,TRUE
https://github.com/rwth-i6/returnn,FALSE,TRUE,36,6063,157,74,https://api.github.com/users/albertz,TRUE
https://github.com/rusty1s/pytorch_geometric,FALSE,TRUE,13,1530,1311,177,https://api.github.com/users/rusty1s,TRUE
https://github.com/ruotianluo/self-critical.pytorch,FALSE,TRUE,5,154,326,103,https://api.github.com/users/ruotianluo,TRUE
https://github.com/ronghanghu/speaker_follower,FALSE,TRUE,5,204,37,6,https://api.github.com/users/peteanderson80,TRUE
https://github.com/RedisAI/RedisAI,FALSE,TRUE,6,182,60,8,https://api.github.com/users/lantiga,TRUE
https://github.com/rdevon/cortex,FALSE,TRUE,16,706,41,10,https://api.github.com/users/rdevon,TRUE
https://github.com/ray-project/ray,FALSE,TRUE,130,2535,5828,801,https://api.github.com/users/robertnishihara,TRUE
https://github.com/RallyTools/RallyRestToolkitForPython,FALSE,TRUE,8,153,69,56,https://api.github.com/users/klehman-rally,TRUE
https://github.com/r9y9/wavenet_vocoder,FALSE,TRUE,9,190,836,217,https://api.github.com/users/r9y9,TRUE
https://github.com/r9y9/deepvoice3_pytorch,FALSE,TRUE,9,188,866,180,https://api.github.com/users/r9y9,TRUE
https://github.com/pytorch/xla,FALSE,TRUE,6,594,142,10,https://api.github.com/users/dlibenzi,TRUE
https://github.com/pytorch/vision,FALSE,TRUE,128,404,2739,1323,https://api.github.com/users/soumith,TRUE
https://github.com/pytorch/translate,FALSE,TRUE,35,369,418,81,https://api.github.com/users/jhcross,TRUE
https://github.com/pytorch/ignite,FALSE,TRUE,28,246,1405,139,https://api.github.com/users/vfdev-5,TRUE
https://github.com/pytorch/fairseq,FALSE,TRUE,44,497,3048,648,https://api.github.com/users/myleott,TRUE
https://github.com/PySimpleGUI/PySimpleGUI,FALSE,TRUE,10,1890,1161,139,https://api.github.com/users/MikeTheWatchGuy,TRUE
https://github.com/pyro-ppl/pyro,FALSE,TRUE,51,1524,5029,537,https://api.github.com/users/fritzo,TRUE
https://github.com/pykaldi/pykaldi,FALSE,TRUE,5,639,277,67,https://api.github.com/users/dogancan,TRUE
https://github.com/pyjs/pyjs,FALSE,TRUE,37,980,928,196,https://api.github.com/users/keesbos,TRUE
https://github.com/pyannote/pyannote-audio,FALSE,TRUE,6,1279,332,68,https://api.github.com/users/hbredin,TRUE
https://github.com/pupil-labs/pupil,FALSE,TRUE,27,4975,677,456,https://api.github.com/users/mkassner,TRUE
https://github.com/ptillet/isaac,FALSE,TRUE,8,685,98,34,https://api.github.com/users/ptillet,TRUE
https://github.com/prymatex/prymatex,FALSE,TRUE,6,4070,10,5,https://api.github.com/users/diegomvh,TRUE
https://github.com/progradeep/gan-pytorch,FALSE,TRUE,5,194,14,0,https://api.github.com/users/JaeyunKang,TRUE
https://github.com/probtorch/probtorch,FALSE,TRUE,7,175,566,49,https://api.github.com/users/jwvdm,TRUE
https://github.com/probprog/pyprob,FALSE,TRUE,7,1060,208,24,https://api.github.com/users/gbaydin,TRUE
https://github.com/princewang1994/RFCN_CoupleNet.pytorch,FALSE,TRUE,15,405,13,2,https://api.github.com/users/jwyang,TRUE
https://github.com/PrincetonUniversity/PsyNeuLink,FALSE,TRUE,16,6612,25,7,https://api.github.com/users/jdcpni,TRUE
https://github.com/PIQuIL/QuCumber,FALSE,TRUE,9,807,87,7,https://api.github.com/users/emerali,TRUE
https://github.com/Pinafore/qb,FALSE,TRUE,12,1447,141,40,https://api.github.com/users/EntilZha,TRUE
https://github.com/PetrochukM/PyTorch-NLP,FALSE,TRUE,6,297,1196,138,https://api.github.com/users/PetrochukM,TRUE
https://github.com/PaddlePaddle/VisualDL,FALSE,TRUE,15,519,2094,317,https://api.github.com/users/Superjomn,TRUE
https://github.com/overviewer/Minecraft-Overviewer,FALSE,TRUE,108,2255,1868,327,https://api.github.com/users/eminence,TRUE
https://github.com/orphu/mcdungeon,FALSE,TRUE,8,1818,71,17,https://api.github.com/users/orphu,TRUE
https://github.com/OpenNMT/OpenNMT-py,FALSE,TRUE,118,2202,2586,1020,https://api.github.com/users/srush,TRUE
https://github.com/OpenMined/PySyft,FALSE,TRUE,143,3311,2663,618,https://api.github.com/users/iamtrask,TRUE
https://github.com/OpenMined/CampX,FALSE,TRUE,5,137,36,4,https://api.github.com/users/korymath,TRUE
https://github.com/opencv/opencv,FALSE,TRUE,305,14597,31970,22903,https://api.github.com/users/alalek,TRUE
https://github.com/open-mmlab/mmcv,FALSE,TRUE,13,129,630,109,https://api.github.com/users/hellock,TRUE
https://github.com/onnxbot/onnx-fb-universe,FALSE,TRUE,15,3106,20,17,https://api.github.com/users/onnxbot,TRUE
https://github.com/onnx/tensorflow-onnx,FALSE,TRUE,15,611,137,47,https://api.github.com/users/guschmue,TRUE
https://github.com/onnx/onnx-coreml,FALSE,TRUE,12,526,165,33,https://api.github.com/users/onnxbot,TRUE
https://github.com/okfde/froide,FALSE,TRUE,12,3977,156,59,https://api.github.com/users/stefanw,TRUE
https://github.com/OHDSI/PatientLevelPrediction,FALSE,TRUE,12,486,51,36,https://api.github.com/users/jreps,TRUE
https://github.com/odlgroup/odl,FALSE,TRUE,17,4861,100,53,https://api.github.com/users/adler-j,TRUE
https://github.com/OAID/MXNet-HRT,FALSE,TRUE,360,5229,63,30,https://api.github.com/users/tqchen,TRUE
https://github.com/NVIDIA/DIGITS,FALSE,TRUE,42,1602,3548,1284,https://api.github.com/users/lukeyeager,TRUE
https://github.com/NVIDIA/DALI,FALSE,TRUE,22,386,1072,124,https://api.github.com/users/JanuszL,TRUE
https://github.com/numenta/htmresearch,FALSE,TRUE,28,4144,195,99,https://api.github.com/users/subutai,TRUE
https://github.com/neuro-ml/deep_pipe,FALSE,TRUE,10,739,10,5,https://api.github.com/users/Egor-Krivov,TRUE
https://github.com/Netherdrake/steem-python,FALSE,TRUE,8,223,17,16,https://api.github.com/users/Netherdrake,TRUE
https://github.com/NervanaSystems/neon,FALSE,TRUE,74,837,3725,832,https://api.github.com/users/scttl,TRUE
https://github.com/NervanaSystems/distiller,FALSE,TRUE,13,271,1386,243,https://api.github.com/users/nzmora,TRUE
https://github.com/nerox8664/pytorch2keras,FALSE,TRUE,6,233,273,38,https://api.github.com/users/nerox8664,TRUE
https://github.com/nearai/program_synthesis,FALSE,TRUE,5,224,76,9,https://api.github.com/users/rshin,TRUE
https://github.com/ncullen93/torchsample,FALSE,TRUE,10,102,1162,200,https://api.github.com/users/ncullen93,TRUE
https://github.com/nathanvogel/DeepMaps,FALSE,TRUE,26,307,19,1,https://api.github.com/users/junyanz,TRUE
https://github.com/mratsim/Arraymancer,FALSE,TRUE,13,701,393,37,https://api.github.com/users/mratsim,TRUE
https://github.com/mozillazg/pypy,FALSE,TRUE,195,43146,59,20,https://api.github.com/users/fijal,TRUE
https://github.com/mozilla/newtab-dev,FALSE,TRUE,200,176257,14,11,https://api.github.com/users/rvandermeulen,TRUE
https://github.com/mozilla-b2g/gecko-tablet,FALSE,TRUE,310,201550,6,10,https://api.github.com/users/rvandermeulen,TRUE
https://github.com/moravianlibrary/CPK,FALSE,TRUE,74,11835,11,2,https://api.github.com/users/demiankatz,TRUE
https://github.com/MoonchildProductions/UXP,FALSE,TRUE,60,1680,174,30,https://api.github.com/users/janekptacijarabaci,TRUE
https://github.com/monero-project/research-lab,FALSE,TRUE,7,195,90,45,https://api.github.com/users/b-g-goodell,TRUE
https://github.com/mlperf/training,FALSE,TRUE,22,198,673,204,https://api.github.com/users/petermattson,TRUE
https://github.com/mlperf/inference,FALSE,TRUE,17,124,45,26,https://api.github.com/users/jveejay,TRUE
https://github.com/mlflow/mlflow,FALSE,TRUE,75,532,3169,546,https://api.github.com/users/smurching,TRUE
https://github.com/mittagessen/kraken,FALSE,TRUE,9,657,119,18,https://api.github.com/users/mittagessen,TRUE
https://github.com/mila-iqia/gene-graph-conv,FALSE,TRUE,7,539,11,3,https://api.github.com/users/mweiss17,TRUE
https://github.com/mila-iqia/babyai,FALSE,TRUE,12,1178,179,28,https://api.github.com/users/maximecb,TRUE
https://github.com/mil-tokyo/webdnn,FALSE,TRUE,11,1238,1545,125,https://api.github.com/users/Kiikurage,TRUE
https://github.com/Microsoft/MMdnn,FALSE,TRUE,54,951,3100,613,https://api.github.com/users/kitstar,TRUE
https://github.com/Microsoft/malmo,FALSE,TRUE,23,1465,3150,490,https://api.github.com/users/DaveyBiggers,TRUE
https://github.com/Microsoft/ELL,FALSE,TRUE,15,3361,1944,269,https://api.github.com/users/cjacobs,TRUE
https://github.com/MIC-DKFZ/batchgenerators,FALSE,TRUE,11,351,116,21,https://api.github.com/users/FabianIsensee,TRUE
https://github.com/meetshah1995/pytorch-semseg,FALSE,TRUE,13,184,1600,438,https://api.github.com/users/meetshah1995,TRUE
https://github.com/mdbloice/Augmentor,FALSE,TRUE,18,483,2868,524,https://api.github.com/users/mdbloice,TRUE
https://github.com/mcdevs/Burger,FALSE,TRUE,8,355,51,11,https://api.github.com/users/Pokechu22,TRUE
https://github.com/matpow2/cuwo,FALSE,TRUE,12,676,146,46,https://api.github.com/users/matpow2,TRUE
https://github.com/markblundeberg/openswap,FALSE,TRUE,221,4708,13,1,https://api.github.com/users/ecdsa,TRUE
https://github.com/markblundeberg/coinsplitter,FALSE,TRUE,222,4746,11,5,https://api.github.com/users/ecdsa,TRUE
https://github.com/mariogeiger/se3cnn,FALSE,TRUE,6,430,38,12,https://api.github.com/users/mariogeiger,TRUE
https://github.com/mahyarnajibi/SNIPER-mxnet,FALSE,TRUE,384,6631,13,7,https://api.github.com/users/tqchen,TRUE
https://github.com/maciejkula/spotlight,FALSE,TRUE,8,286,1518,218,https://api.github.com/users/maciejkula,TRUE
https://github.com/lukemelas/image-paragraph-captioning,FALSE,TRUE,6,173,17,5,https://api.github.com/users/ruotianluo,TRUE
https://github.com/linjieyangsc/densecap,FALSE,TRUE,207,3769,26,16,https://api.github.com/users/shelhamer,TRUE
https://github.com/libtcod/python-tcod,FALSE,TRUE,12,985,156,13,https://api.github.com/users/HexDecimal,TRUE
https://github.com/libtcod/libtcod,FALSE,TRUE,21,845,63,9,https://api.github.com/users/HexDecimal,TRUE
https://github.com/LiberTEM/LiberTEM,FALSE,TRUE,5,542,21,6,https://api.github.com/users/sk1p,TRUE
https://github.com/leVirve/pixel-styler,FALSE,TRUE,18,171,11,1,https://api.github.com/users/junyanz,TRUE
https://github.com/LCAD-UFES/carmen_lcad,FALSE,TRUE,31,2722,33,15,https://api.github.com/users/albertodesouza,TRUE
https://github.com/lbryio/torba,FALSE,TRUE,6,310,15,8,https://api.github.com/users/eukreign,TRUE
https://github.com/lakewik/EasyStorj,FALSE,TRUE,8,784,81,16,https://api.github.com/users/lakewik,TRUE
https://github.com/Lab41/cyphercat,FALSE,TRUE,10,320,7,14,https://api.github.com/users/ninalopatina,TRUE
https://github.com/kymatio/kymatio,FALSE,TRUE,15,291,157,25,https://api.github.com/users/janden,TRUE
https://github.com/kubeflow/pipelines,FALSE,TRUE,28,494,668,117,https://api.github.com/users/IronPan,TRUE
https://github.com/kubedb/apimachinery,FALSE,TRUE,14,471,30,4,https://api.github.com/users/tamalsaha,TRUE
https://github.com/krishauser/Klampt,FALSE,TRUE,16,1934,68,34,https://api.github.com/users/krishauser,TRUE
https://github.com/Kitware/VIAME,FALSE,TRUE,17,2628,43,33,https://api.github.com/users/mattdawkins,TRUE
https://github.com/kipoi/models,FALSE,TRUE,11,243,55,22,https://api.github.com/users/Avsecz,TRUE
https://github.com/kipoi/kipoi,FALSE,TRUE,11,549,84,22,https://api.github.com/users/Avsecz,TRUE
https://github.com/kernelzeroday/opparis,FALSE,TRUE,6,132,34,43,https://api.github.com/users/kernelzeroday,TRUE
https://github.com/kengz/SLM-Lab,FALSE,TRUE,7,899,460,72,https://api.github.com/users/kengz,TRUE
https://github.com/kaldi-asr/kaldi,FALSE,TRUE,233,8103,5275,2634,https://api.github.com/users/danpovey,TRUE
https://github.com/Kaggle/docker-python,FALSE,TRUE,91,966,874,458,https://api.github.com/users/nerdcha,TRUE
https://github.com/jwyang/faster-rcnn.pytorch,FALSE,TRUE,19,430,2709,824,https://api.github.com/users/jwyang,TRUE
https://github.com/junyanz/pytorch-CycleGAN-and-pix2pix,FALSE,TRUE,34,346,6986,1757,https://api.github.com/users/junyanz,TRUE
https://github.com/joschu/cgt,FALSE,TRUE,10,204,604,85,https://api.github.com/users/joschu,TRUE
https://github.com/johannbrehmer/madminer,FALSE,TRUE,6,1098,10,8,https://api.github.com/users/johannbrehmer,TRUE
https://github.com/jmd1011/snek-LMS,FALSE,TRUE,7,263,21,1,https://api.github.com/users/GSAir,TRUE
https://github.com/jindongwang/transferlearning,FALSE,TRUE,7,415,2609,1051,https://api.github.com/users/jindongwang,TRUE
https://github.com/JianGoForIt/YellowFin_Pytorch,FALSE,TRUE,5,192,278,34,https://api.github.com/users/JianGoForIt,TRUE
https://github.com/jhu-lcsr/costar_plan,FALSE,TRUE,13,6922,34,9,https://api.github.com/users/cpaxton,TRUE
https://github.com/jantic/DeOldify,FALSE,TRUE,10,114,5181,360,https://api.github.com/users/jantic,TRUE
https://github.com/interactiveaudiolab/nussl,FALSE,TRUE,8,306,160,32,https://api.github.com/users/ethman,TRUE
https://github.com/IntelAI/inference-model-manager,FALSE,TRUE,10,212,33,3,https://api.github.com/users/mareklevv,TRUE
https://github.com/intel-analytics/BigDL,FALSE,TRUE,54,2231,2787,666,https://api.github.com/users/yiheng,TRUE
https://github.com/intel-analytics/analytics-zoo,FALSE,TRUE,42,953,381,139,https://api.github.com/users/hkvision,TRUE
https://github.com/inferno-pytorch/inferno,FALSE,TRUE,12,860,181,28,https://api.github.com/users/nasimrahaman,TRUE
https://github.com/ilastik/lazyflow,FALSE,TRUE,25,3231,66,52,https://api.github.com/users/stuarteberg,TRUE
https://github.com/ilastik/ilastik,FALSE,TRUE,40,6937,142,79,https://api.github.com/users/stuarteberg,TRUE
https://github.com/ikostrikov/pytorch-a2c-ppo-acktr,FALSE,TRUE,18,208,1141,248,https://api.github.com/users/ikostrikov,TRUE
https://github.com/IBM/mi-prometheus,FALSE,TRUE,9,1678,18,10,https://api.github.com/users/tkornut,TRUE
https://github.com/i-machine-think/machine,FALSE,TRUE,7,345,12,19,https://api.github.com/users/dieuwkehupkes,TRUE
https://github.com/huggingface/pytorch-pretrained-BERT,FALSE,TRUE,46,542,3868,769,https://api.github.com/users/thomwolf,TRUE
https://github.com/hpi-xnor/BMXNet-v2,FALSE,TRUE,385,7337,56,5,https://api.github.com/users/tqchen,TRUE
https://github.com/hpi-xnor/BMXNet,FALSE,TRUE,370,6227,304,84,https://api.github.com/users/tqchen,TRUE
https://github.com/horovod/horovod,FALSE,TRUE,35,227,5382,745,https://api.github.com/users/alsrgv,TRUE
https://github.com/HoloClean/HoloClean-Legacy-deprecated,FALSE,TRUE,12,549,73,20,https://api.github.com/users/ah89,TRUE
https://github.com/holgern/beem,FALSE,TRUE,18,1262,64,26,https://api.github.com/users/holgern,TRUE
https://github.com/hclhkbu/dlbench,FALSE,TRUE,5,228,158,47,https://api.github.com/users/FreemanX,TRUE
https://github.com/HazyResearch/snorkel,FALSE,TRUE,39,2308,1770,390,https://api.github.com/users/ajratner,TRUE
https://github.com/HazyResearch/metal,FALSE,TRUE,13,815,87,21,https://api.github.com/users/bhancock8,TRUE
https://github.com/HazyResearch/fonduer,FALSE,TRUE,9,874,138,32,https://api.github.com/users/lukehsiao,TRUE
https://github.com/harvardnlp/namedtensor,FALSE,TRUE,17,309,247,33,https://api.github.com/users/srush,TRUE
https://github.com/Hananel-Hazan/bindsnet,FALSE,TRUE,8,758,267,46,https://api.github.com/users/djsaunde,TRUE
https://github.com/hackingmaterials/matminer,FALSE,TRUE,25,2825,118,63,https://api.github.com/users/saurabh02,TRUE
https://github.com/GRAAL-Research/pytoune,FALSE,TRUE,6,175,175,21,https://api.github.com/users/freud14,TRUE
https://github.com/google/sling,FALSE,TRUE,14,416,1633,232,https://api.github.com/users/ringgaard,TRUE
https://github.com/gheinrich/DIGITS-GAN,FALSE,TRUE,35,1482,93,34,https://api.github.com/users/lukeyeager,TRUE
https://github.com/geneing/parallel_wavenet_vocoder,FALSE,TRUE,6,183,19,3,https://api.github.com/users/r9y9,TRUE
https://github.com/gau820827/AI-writer_Data2Doc,FALSE,TRUE,5,170,42,12,https://api.github.com/users/gau820827,TRUE
https://github.com/fragcolor-xyz/nimtorch,FALSE,TRUE,5,876,201,7,https://api.github.com/users/sinkingsugar,TRUE
https://github.com/floydhub/dockerfiles,FALSE,TRUE,6,349,113,49,https://api.github.com/users/houqp,TRUE
https://github.com/feiwang3311/Lantern,FALSE,TRUE,8,657,94,10,https://api.github.com/users/feiwang3311,TRUE
https://github.com/fastnlp/fastNLP,FALSE,TRUE,16,601,218,65,https://api.github.com/users/FengZiYjun,TRUE
https://github.com/facebookresearch/TensorComprehensions,FALSE,TRUE,27,983,1423,149,https://api.github.com/users/nicolasvasilache,TRUE
https://github.com/facebookresearch/SparseConvNet,FALSE,TRUE,6,116,639,121,https://api.github.com/users/btgraham,TRUE
https://github.com/facebookresearch/SentEval,FALSE,TRUE,11,134,993,143,https://api.github.com/users/aconneau,TRUE
https://github.com/facebookresearch/pytext,FALSE,TRUE,24,134,4592,438,https://api.github.com/users/snisarg,TRUE
https://github.com/facebookresearch/ParlAI,FALSE,TRUE,73,2316,4175,765,https://api.github.com/users/emilydinan,TRUE
https://github.com/facebookresearch/maskrcnn-benchmark,FALSE,TRUE,48,104,4111,799,https://api.github.com/users/fmassa,TRUE
https://github.com/facebookresearch/ELF,FALSE,TRUE,13,242,1850,263,https://api.github.com/users/yuandong-tian,TRUE
https://github.com/facebookresearch/Detectron,FALSE,TRUE,23,118,19156,3994,https://api.github.com/users/ir413,TRUE
https://github.com/facebookresearch/DensePose,FALSE,TRUE,20,130,4261,711,https://api.github.com/users/vkhalidov,TRUE
https://github.com/fabianonline/OctoPrint-Telegram,FALSE,TRUE,5,211,96,34,https://api.github.com/users/fabianonline,TRUE
https://github.com/explosion/spaCy,FALSE,TRUE,298,8567,12294,2063,https://api.github.com/users/honnibal,TRUE
https://github.com/evennia/evennia,FALSE,TRUE,74,4999,826,393,https://api.github.com/users/Griatch,TRUE
https://github.com/espnet/espnet,FALSE,TRUE,27,2222,866,233,https://api.github.com/users/kan-bayashi,TRUE
https://github.com/eriklindernoren/PyTorch-GAN,FALSE,TRUE,5,152,2339,565,https://api.github.com/users/eriklindernoren,TRUE
https://github.com/epam/DLab,FALSE,TRUE,19,4411,69,19,https://api.github.com/users/OlehMartushevskyi,TRUE
https://github.com/emfcamp/Mk4-Apps,FALSE,TRUE,64,460,49,122,https://api.github.com/users/marekventur,TRUE
https://github.com/emesik/monero-python,FALSE,TRUE,11,183,72,27,https://api.github.com/users/emesik,TRUE
https://github.com/ecs-vlc/torchbearer,FALSE,TRUE,7,323,349,37,https://api.github.com/users/ethanwharris,TRUE
https://github.com/drivendataorg/concept-to-clinic,FALSE,TRUE,26,382,326,141,https://api.github.com/users/isms,TRUE
https://github.com/drckf/paysage,FALSE,TRUE,5,1008,83,19,https://api.github.com/users/drckf,TRUE
https://github.com/dpressel/baseline,FALSE,TRUE,7,1121,198,49,https://api.github.com/users/dpressel,TRUE
https://github.com/dmlc/gluon-cv,FALSE,TRUE,45,426,1898,394,https://api.github.com/users/zhreshold,TRUE
https://github.com/dmlc/dgl,FALSE,TRUE,23,384,1461,153,https://api.github.com/users/jermainewang,TRUE
https://github.com/DIVA-DIA/DeepDIVA,FALSE,TRUE,6,528,23,13,https://api.github.com/users/Renthal,TRUE
https://github.com/diana-hep/pyhf,FALSE,TRUE,5,364,52,14,https://api.github.com/users/lukasheinrich,TRUE
https://github.com/dgasmith/opt_einsum,FALSE,TRUE,9,300,140,15,https://api.github.com/users/dgasmith,TRUE
https://github.com/deepppl/deepppl,FALSE,TRUE,5,262,11,2,https://api.github.com/users/jburroni,TRUE
https://github.com/deeplearningais/curfil,FALSE,TRUE,7,118,149,56,https://api.github.com/users/bwaldvogel,TRUE
https://github.com/deepgram/kur,FALSE,TRUE,11,576,787,108,https://api.github.com/users/ajsyp,TRUE
https://github.com/deepchem/deepchem,FALSE,TRUE,67,3604,1396,464,https://api.github.com/users/rbharath,TRUE
https://github.com/db0/Android-Netrunner-OCTGN,FALSE,TRUE,10,1504,86,40,https://api.github.com/users/db0,TRUE
https://github.com/dask/distributed,FALSE,TRUE,121,2836,733,282,https://api.github.com/users/mrocklin,TRUE
https://github.com/dart-lang/dart-pad,FALSE,TRUE,14,1205,157,45,https://api.github.com/users/devoncarew,TRUE
https://github.com/daid/LegacyCura,FALSE,TRUE,68,2430,601,440,https://api.github.com/users/daid,TRUE
https://github.com/daavoo/pyntcloud,FALSE,TRUE,15,831,421,90,https://api.github.com/users/daavoo,TRUE
https://github.com/cs-au-dk/Artemis,FALSE,TRUE,7,1724,31,10,https://api.github.com/users/BenSpencer,TRUE
https://github.com/cryoem/eman2,FALSE,TRUE,15,5567,50,31,https://api.github.com/users/shadowwalkersb,TRUE
https://github.com/cornellius-gp/gpytorch,FALSE,TRUE,23,1834,1051,121,https://api.github.com/users/jacobrgardner,TRUE
https://github.com/codalab/codalab-cli,FALSE,TRUE,26,1822,33,31,https://api.github.com/users/percyliang,TRUE
https://github.com/cmusatyalab/openface,FALSE,TRUE,26,731,11607,2795,https://api.github.com/users/bamos,TRUE
https://github.com/cmusatyalab/faceswap,FALSE,TRUE,6,179,22,8,https://api.github.com/users/junjuew,TRUE
https://github.com/classilla/tenfourfox,FALSE,TRUE,9,504,84,12,https://api.github.com/users/classilla,TRUE
https://github.com/castorini/Castor,FALSE,TRUE,13,133,127,46,https://api.github.com/users/tuzhucheng,TRUE
https://github.com/cajal/pipeline,FALSE,TRUE,12,1994,8,20,https://api.github.com/users/ecobost,TRUE
https://github.com/Cadene/pretrained-models.pytorch,FALSE,TRUE,15,131,3438,720,https://api.github.com/users/Cadene,TRUE
https://github.com/bravoserver/bravo,FALSE,TRUE,27,2413,202,44,https://api.github.com/users/MostAwesomeDude,TRUE
https://github.com/brave/browser-android-tabs,FALSE,TRUE,10,541,526,119,https://api.github.com/users/samartnik,TRUE
https://github.com/blue-oil/blueoil,FALSE,TRUE,19,490,157,41,https://api.github.com/users/lm-konda,TRUE
https://github.com/bethgelab/foolbox,FALSE,TRUE,14,581,815,154,https://api.github.com/users/jonasrauber,TRUE
https://github.com/benbaptist/minecraft-wrapper,FALSE,TRUE,10,1693,66,26,https://api.github.com/users/suresttexas00,TRUE
https://github.com/beer-asr/beer,FALSE,TRUE,5,748,25,10,https://api.github.com/users/iondel,TRUE
https://github.com/BCV-Uniandes/DMS,FALSE,TRUE,5,452,28,3,https://api.github.com/users/andfoy,TRUE
https://github.com/baidu/AdvBox,FALSE,TRUE,6,220,413,86,https://api.github.com/users/duoergun0729,TRUE
https://github.com/AZCompTox/AZOrange,FALSE,TRUE,5,598,17,12,https://api.github.com/users/engpedrorafael,TRUE
https://github.com/aws/sagemaker-python-sdk,FALSE,TRUE,60,387,485,211,https://api.github.com/users/laurenyu,TRUE
https://github.com/arraiyopensource/torchgeometry,FALSE,TRUE,7,318,528,31,https://api.github.com/users/edgarriba,TRUE
https://github.com/appscode/stash,FALSE,TRUE,18,694,473,38,https://api.github.com/users/tamalsaha,TRUE
https://github.com/appscode/kubed,FALSE,TRUE,13,430,312,21,https://api.github.com/users/tamalsaha,TRUE
https://github.com/appscode/guard,FALSE,TRUE,17,188,225,28,https://api.github.com/users/tamalsaha,TRUE
https://github.com/ApolloAuto/apollo,FALSE,TRUE,196,10283,12508,3813,https://api.github.com/users/lianglia-apollo,TRUE
https://github.com/apaszke/pytorch-dist,FALSE,TRUE,207,3171,32,4,https://api.github.com/users/soumith,TRUE
https://github.com/apache/incubator-mxnet,FALSE,TRUE,392,8731,16367,5853,https://api.github.com/users/tqchen,TRUE
https://github.com/apache/arrow,FALSE,TRUE,253,3547,3334,832,https://api.github.com/users/wesm,TRUE
https://github.com/analysiscenter/batchflow,FALSE,TRUE,9,2143,97,25,https://api.github.com/users/roman-kh,TRUE
https://github.com/amoghbl1/tor-browser,FALSE,TRUE,212,219945,26,41,https://api.github.com/users/rvandermeulen,TRUE
https://github.com/amdegroot/ssd.pytorch,FALSE,TRUE,7,328,1788,670,https://api.github.com/users/amdegroot,TRUE
https://github.com/AmazingAmpharos/OoT-Randomizer,FALSE,TRUE,27,1241,241,137,https://api.github.com/users/TestRunnerSRL,TRUE
https://github.com/allenai/allennlp,FALSE,TRUE,96,1313,5377,1012,https://api.github.com/users/schmmd,TRUE
https://github.com/AliaksandrSiarohin/monkey-net,FALSE,TRUE,6,190,54,9,https://api.github.com/users/AliaksandrSiarohin,TRUE
https://github.com/AI-metrics/AI-metrics,FALSE,TRUE,13,345,355,56,https://api.github.com/users/pde,TRUE
https://github.com/adrianbg/kaldi.js,FALSE,TRUE,132,7160,48,6,https://api.github.com/users/danpovey,TRUE
https://github.com/AAnoosheh/ToDayGAN,FALSE,TRUE,14,138,35,5,https://api.github.com/users/junyanz,TRUE
https://github.com/AAnoosheh/ComboGAN,FALSE,TRUE,14,133,92,18,https://api.github.com/users/junyanz,TRUE
https://github.com/1adrianb/face-alignment,FALSE,TRUE,10,104,2473,558,https://api.github.com/users/1adrianb,TRUE